{"cameraMode":{"drawMode":0,"name":"Shaded","section":"Shading Mode"},"sceneLighting":true,"audioPlay":false,"sceneViewState":{"m_AlwaysRefresh":false,"showFog":true,"showSkybox":true,"showFlares":true,"showImageEffects":true,"showParticleSystems":true,"showVisualEffectGraphs":true,"m_FxEnabled":true},"in2DMode":false,"pivot":{"x":-0.46528470516204836,"y":1.2592427730560303,"z":0.30144476890563967},"rotation":{"x":0.23358331620693208,"y":0.020417382940649987,"z":-0.004895959515124559,"w":0.9721298813819885},"size":5.024544715881348,"orthographic":true}