{"cameraMode":{"drawMode":0,"name":"Shaded","section":"Shading Mode"},"sceneLighting":true,"audioPlay":false,"sceneViewState":{"m_AlwaysRefresh":false,"showFog":true,"showSkybox":true,"showFlares":true,"showImageEffects":true,"showParticleSystems":true,"showVisualEffectGraphs":true,"m_FxEnabled":true},"in2DMode":false,"pivot":{"x":-22.426734924316408,"y":-12.727514266967774,"z":5.516772270202637},"rotation":{"x":0.8473930358886719,"y":-0.0015588903333991767,"z":0.002487404039129615,"w":0.5309727191925049},"size":49.69200134277344,"orthographic":true}