{"cameraMode":{"drawMode":0,"name":"Shaded","section":"Shading Mode"},"sceneLighting":false,"audioPlay":false,"sceneViewState":{"m_AlwaysRefresh":false,"showFog":true,"showSkybox":false,"showFlares":true,"showImageEffects":true,"showParticleSystems":true,"showVisualEffectGraphs":true,"m_FxEnabled":true},"in2DMode":false,"pivot":{"x":-0.8455041646957398,"y":1.3457220792770386,"z":0.016225755214691163},"rotation":{"x":0.02317107282578945,"y":0.00408912543207407,"z":-0.0001336030982201919,"w":0.999795138835907},"size":1.9420902729034424,"orthographic":true}